model,accuracy,precision,recall,f1,roc_auc
RF,0.9987692307692307,1.0,0.9974457215836526,0.9987212276214834,1.0
GBoost,0.9969230769230769,1.0,0.9936143039591315,0.9967969250480462,0.9999757313214599
Ada,0.9975384615384615,1.0,0.9948914431673053,0.9974391805377721,0.9999833152835037
XGB,0.9981538461538462,1.0,0.9961685823754789,0.9980806142034548,0.9999969664151824
LGBM,0.9987692307692307,1.0,0.9974457215836526,0.9987212276214834,0.999943878680876
